FITC-Dx 4000,,,,,,,,,,,,,,,,,,,,,,,,
,control,,,,,,IBS-D,,,,,,IBS-D with L-lysine deficiency,,,,,,IBS-D with L-lysine supplemented,,,,,
FITC-Dx 4000,0.011691,0.011245,0.010288,0.011201,0.011678,0.011894,0.015513,0.014738,0.01324,0.013707,0.011014,0.010315,0.016772,0.018624,0.016232,0.016406,0.01587,0.016348,0.015008,0.014452,0.007987,0.009719,0.009936,0.00828
