Scores of AWR,,,,,,,,,,,,,,,,,,,,,,,,,,,,,,,
Air capacity (ml),control,,,,,,,,IBS-D,,,,,,,,IBS-D with L-lysine deficiency,,,,,IBS-D with L-lysine supplemented,,,,,,,,,
0.25,1,1,1,1,1,1,1,1,1,1,1,1.333333,1.333333,1.333333,1.333333,1.333333,1.666667,1.333333,1.333333,2,2,1,1.333333,1,1,1,1,1,1,1,
0.35,1.333333,1,1.333333,1.333333,1.333333,1.333333,1.333333,1.333333,1.666667,1,1,2.333333,1.666667,1.666667,1.666667,1.666667,2,2.666667,1.666667,2.666667,2.666667,1,1.333333,1,2,2.333333,1.666667,1.666667,1,1.666667,
0.5,1.666667,1.666667,1.666667,1.666667,2.333333,2.333333,2,1.333333,2.666667,1.333333,1.666667,3,2,2.666667,2.333333,2.333333,2.333333,2.333333,2.333333,2.666667,2.666667,1.666667,2.666667,1.666667,2,3,2,2.333333,2,1.333333,
0.65,2.333333,2.333333,2,2,2.333333,2.333333,1.666667,2.666667,2.666667,2.333333,2.333333,3.666667,2.333333,3.333333,2.666667,2,3.333333,3.666667,2,3.333333,3.333333,2.666667,2.333333,2,2.333333,3.666667,2.666667,2,2,2.333333,
