Dose-response effects of IFN-γ on the viability of HIEC-6 ,,,,
concentration,0,100ng/ml,500ng/ml,1000ng/ml
cell viability (%)_1,99.98333,85.93677,82.85533,80.57427
cell viability (%)_2,98.84279,81.95491,82.7953,80.13406
cell viability (%)_3,96.80184,80.49423,81.89488,77.09264
cell viability (%)_4,95.84139,79.63383,79.23364,76.21223
