"Dose-response effects of H. biformis supernatant (0, 5%, 10%, 20%, and 40%) on the viability of NCM-460",,,,,,,,,,,,,,,,,,,,
Concentration,0,,,,5%,,,,10%,,,,20%,,,,40%,,,
cell viability (%),111.6036,108.7982,90.40351,89.19469,170.8361,165.6473,162.477,162.2831,150.0694,149.9097,147.9026,142.3945,115.6406,111.7062,111.2729,111.2273,99.27584,94.09842,87.40425,81.79347
