Dose-response effects of L-lysine on the viability of NCM-460,,,,,,,,,,,,,,,,,,,,
,0,,,,0.7 mM,,,,1.4 mM,,,,2.0 mM,,,,2.8 mM,,,
cell viability (%),108.1947,105.0729,97.76135,88.97104,103.5531,96.2826,91.02485,86.794,135.8801,131.4438,130.1705,108.2769,109.4681,109.4681,102.8548,100.5135,100.6778,100.3491,95.83077,94.68063
