Dose-response effects of L-lysine on the viability of HIEC-6 ,,,,,,,,,,,,,,,,,,,,
,0,,,,0.7 mM,,,,1.4 mM,,,,2.0 mM,,,,2.8 mM,,,
cell viability (%),92.10845266,103.6899044,97.01036944,94.51452,98.89572205,98.73412039,98.60843022,97.8902,106.1139292,104.3901782,103.8155946,100.817,96.20236118,94.6043004,93.40126588,91.74934,94.1913184,93.14988553,91.7134264,85.69825
