Moving distance in Open field test ,,,,,,,,,,,,
,IBS-D,,,,,,IBS-D+H.biformis,,,,,
Moving distance(m),67.12428,64.0366,54.36643,89.31574,56.80672,48.74139,20.17234,2.16791,68.02754,23.17234,35.09773,29.12757
