Speed in Open field test ,,,,,,,,,,,,
,IBS-D,,,,,,IBS-D+H.biformis,,,,,
speed (mm/s),0.03758,0.0356,0.03022,0.03165,0.04987,0.02721,0.00121,0.0392,0.02021,0.01121,0.017958,0.02121
